pl_name,hostname,default_flag,pl_rade,pl_bmasse,pl_insol,pl_eqt,st_teff,pl_orbeccen,sy_snum,sy_pnum,pl_controv_flag,pl_orbper,pl_orbpererr1,pl_orbpererr2,pl_orbperlim,pl_orbsmax,pl_orbsmaxerr1,pl_orbsmaxerr2,pl_orbsmaxlim,pl_radeerr1,pl_radeerr2,pl_radelim,pl_radj,pl_radjerr1,pl_radjerr2,pl_radjlim,pl_bmasseerr1,pl_bmasseerr2,pl_bmasselim,pl_bmassj,pl_bmassjerr1,pl_bmassjerr2,pl_bmassjlim,pl_orbeccenerr1,pl_orbeccenerr2,pl_orbeccenlim,pl_insolerr1,pl_insolerr2,pl_insollim,pl_eqterr1,pl_eqterr2,pl_eqtlim,st_tefferr1,st_tefferr2,st_tefflim,st_rad,st_raderr1,st_raderr2,st_radlim,st_mass,st_masserr1,st_masserr2,st_masslim,st_met,st_meterr1,st_meterr2,st_metlim,st_metratio,st_logg,st_loggerr1,st_loggerr2,st_logglim,sy_dist,sy_disterr1,sy_disterr2
GJ 367 b,GJ 367,0,0.718,0.546,,1745.0,3522.0,0.0,1,3,0,0.321962,1e-05,-1.2e-05,0.0,0.0071,0.0002,-0.0002,0.0,0.054,-0.054,0.0,0.06405578,0.00481757,-0.00481757,0.0,0.078,-0.078,0.0,0.00171791,0.00024542,-0.00024542,0.0,,,0.0,,,,43.0,-43.0,0.0,70.0,-70.0,0.0,0.457,0.013,-0.013,0.0,0.454,0.011,-0.011,0.0,-0.01,0.12,-0.12,0.0,[Fe/H],4.777,0.026,-0.026,0.0,9.41263,0.002835,-0.002835
GJ 367 b,GJ 367,1,0.699,0.633,579.0,1365.0,3522.0,0.06,1,3,0,0.3219225,2e-07,-2e-07,0.0,0.00709,0.00027,-0.00027,0.0,0.024,-0.024,0.0,0.06236071,0.00214114,-0.00214114,0.0,0.05,-0.05,0.0,0.00199164,0.00015732,-0.00015732,0.0,0.07,-0.04,0.0,57.0,-52.0,0.0,32.0,-32.0,0.0,70.0,-70.0,0.0,0.458,0.013,-0.013,0.0,0.455,0.011,-0.011,0.0,-0.01,0.12,-0.12,0.0,[Fe/H],4.776,0.026,-0.026,0.0,9.41263,0.002835,-0.002835
GJ 367 b,GJ 367,0,2.66076,,469.443,1296.0,3518.0,,1,3,0,0.3219233,4e-07,-4e-07,0.0,,,,,0.921089,-0.921089,0.0,0.23737752,0.0821742,-0.0821742,0.0,,,,,,,,,,,,,0.0,,,0.0,84.0,-84.0,0.0,0.46,0.01,-0.01,0.0,,,,,,,,,,4.82492,0.061282,-0.061282,0.0,9.41263,0.002835,-0.002835
HD 136352 b,HD 136352,1,1.664,4.72,111.6,905.0,5664.0,0.0,1,3,0,11.57797,8e-05,-0.00013,0.0,0.0964,0.0028,-0.0028,0.0,0.043,-0.043,0.0,0.14845239,0.00383621,-0.00383621,0.0,0.42,-0.42,0.0,0.01485078,0.00132147,-0.00132147,0.0,,,0.0,7.3,-6.8,0.0,14.0,-14.0,0.0,61.0,-61.0,0.0,1.058,0.019,-0.019,0.0,0.87,0.04,-0.04,0.0,-0.24,0.05,-0.05,0.0,[M/H],4.39,0.11,-0.11,0.0,14.682,0.0199,-0.0198
HD 136352 b,HD 136352,0,,4.81,,,5664.0,0.14,1,3,0,11.5824,0.0024,-0.0025,0.0,0.0934,0.0037,-0.004,0.0,,,,,,,,0.59,-0.56,0.0,0.0151,0.0018,-0.0018,0.0,0.08,-0.08,0.0,,,,,,,14.0,-14.0,0.0,,,,,0.81,,,0.0,-0.34,0.01,-0.01,0.0,[Fe/H],4.39,0.02,-0.02,0.0,14.682,0.0199,-0.0198
HD 136352 b,HD 136352,0,1.482,4.62,114.0,911.0,5850.0,0.079,1,3,0,11.57779,0.00091,-0.0011,0.0,0.0969,0.0019,-0.0017,0.0,0.058,-0.056,0.0,0.13221518,0.00517441,-0.00499599,0.0,0.45,-0.44,0.0,0.01453607,0.00141585,-0.00138439,0.0,0.068,-0.053,0.0,10.0,-9.0,0.0,18.0,-18.0,0.0,100.0,-100.0,0.0,1.012,0.018,-0.018,0.0,0.906,0.055,-0.047,0.0,-0.25,0.12,-0.12,0.0,[Fe/H],4.385,0.029,-0.027,0.0,14.682,0.0199,-0.0198
HD 136352 b,HD 136352,0,1.54221286,,99.9013,806.33,5739.0,,1,3,0,11.57783621,1.83652e-05,-1.83652e-05,0.0,,,,,0.71613497,-0.71613497,0.0,0.13758725,0.06388939,-0.06388939,0.0,,,,,,,,,,,,,0.0,,,0.0,25.0,-25.0,0.0,1.02607,0.045106,-0.045106,0.0,,,,,,,,,,4.51,0.028,-0.028,0.0,14.682,0.0199,-0.0198
HD 219134 c,HD 219134,1,1.511,4.36,62.1,782.0,4699.0,0.062,1,6,0,6.76458,0.00033,-0.00033,0.0,0.0653,0.0008,-0.0008,0.0,0.047,-0.047,0.0,0.13480239,0.00419306,-0.00419306,0.0,0.22,-0.22,0.0,0.01371803,0.00069219,-0.00069219,0.0,0.039,-0.039,0.0,1.9,-1.9,0.0,6.0,-6.0,0.0,16.0,-16.0,0.0,0.778,0.005,-0.005,0.0,0.81,0.03,-0.03,0.0,0.11,0.04,-0.04,0.0,[Fe/H],4.567,0.018,-0.018,0.0,6.53127,0.00384,-0.00385
HD 219134 c,HD 219134,0,,3.55967816,,,4817.14,0.16,1,6,0,6.76406,0.00093,-0.00076,0.0,0.06466,0.00074,-0.00073,0.0,,,,,,,,0.44495977,-0.44495977,0.0,0.0112,0.0014,-0.0014,0.0,0.12,-0.11,0.0,,,,,,,62.04,-62.04,0.0,0.757466,0.012968,-0.012968,0.0,0.788484,0.026654,-0.026654,0.0,0.0834,0.0585,-0.0585,0.0,[Fe/H],4.574892,0.021159,-0.021159,0.0,6.53127,0.00384,-0.00385
HD 219134 c,HD 219134,0,1.39215,,64.6487,789.0,4884.29,,1,6,0,6.7650398,7.4e-06,-7.4e-06,0.0,,,,,0.11279,-0.11279,0.0,0.12419952,0.01006247,-0.01006247,0.0,,,,,,,,,,,,,0.0,,,0.0,142.84,-142.84,0.0,0.75,0.06,-0.06,0.0,,,,,,,,,,4.59034,0.099051,-0.099051,0.0,6.53127,0.00384,-0.00385
HD 219134 c,HD 219134,0,1.507,,,715.9,4700.0,,1,6,0,6.765149,3.3e-05,-3.6e-05,0.0,0.0652,0.001,-0.001,0.0,0.074,-0.06,0.0,0.13444577,0.00660185,-0.00535285,0.0,,,,,,,,,,,,,,5.8,-5.8,0.0,20.0,-20.0,0.0,0.778,0.005,-0.005,0.0,0.81,0.03,-0.03,0.0,0.11,0.04,-0.04,0.0,[Fe/H],4.567,0.018,-0.018,0.0,6.53127,0.00384,-0.00385
HD 219134 c,HD 219134,0,,2.78,,,4699.0,0.08,1,6,0,6.767,0.004,-0.004,0.0,0.064,0.001,-0.001,0.0,,,,,,,,0.61,-0.61,0.0,0.00874681,0.00191927,-0.00191927,0.0,0.45,-0.01,0.0,,,,,,,16.0,-16.0,0.0,0.778,0.005,-0.005,0.0,0.78,0.02,-0.02,0.0,0.11,0.04,-0.04,0.0,[Fe/H],4.63,0.1,-0.1,0.0,6.53127,0.00384,-0.00385
HD 219134 c,HD 219134,0,,3.49613,,,4913.0,0.0,1,6,0,6.7635,0.0006,-0.0006,0.0,0.064816,4e-06,-4e-06,0.0,,,,,,,,0.63566,-0.63566,0.0,0.011,0.002,-0.002,0.0,,,0.0,,,,,,,,,0.0,0.77,0.02,-0.02,0.0,0.794,0.037,-0.022,0.0,0.08,,,0.0,[Fe/H],4.51,,,0.0,6.53127,0.00384,-0.00385
HD 23472 d,HD 23472,0,0.757588,,89.0886,855.0,4813.0,,1,5,0,3.9766833,1.42e-05,-1.42e-05,0.0,,,,,0.0655541,-0.0655541,0.0,0.06758759,0.00584836,-0.00584836,0.0,,,,,,,,,,,,,0.0,,,0.0,111.0,-111.0,0.0,0.69,0.04,-0.04,0.0,,,,,,,,,,4.38,0.21,-0.21,0.0,39.0341,0.0401,-0.04
HD 23472 d,HD 23472,1,0.75,0.55,117.0,909.0,4684.0,0.07,1,5,0,3.97664,3e-05,-4.4e-05,0.0,0.04298,0.00063,-0.00065,0.0,0.067,-0.057,0.0,0.06691063,0.00597735,-0.00508521,0.0,0.21,-0.2,0.0,0.00173049,0.00066073,-0.00062927,0.0,0.05,-0.047,0.0,13.0,-11.0,0.0,35.0,-32.0,0.0,99.0,-99.0,0.0,0.71,0.02,-0.02,0.0,0.67,0.03,-0.03,0.0,-0.2,0.05,-0.05,0.0,[Fe/H],4.53,0.08,-0.08,0.0,39.0341,0.0401,-0.04
HD 23472 e,HD 23472,0,0.969819,,44.8107,720.0,4813.0,,1,5,0,7.9076222,2.62e-05,-2.62e-05,0.0,,,,,0.073197,-0.073197,0.0,0.0865216,0.00653021,-0.00653021,0.0,,,,,,,,,,,,,0.0,,,0.0,111.0,-111.0,0.0,0.69,0.04,-0.04,0.0,,,,,,,,,,4.38,0.21,-0.21,0.0,39.0341,0.0401,-0.04
HD 23472 e,HD 23472,1,0.818,0.72,46.7,723.0,4684.0,0.07,1,5,0,7.90754,0.00011,-0.00011,0.0,0.068,0.001,-0.001,0.0,0.08,-0.065,0.0,0.0729772,0.00713713,-0.00579892,0.0,0.28,-0.27,0.0,0.00226537,0.00088098,-0.00084952,0.0,0.052,-0.047,0.0,5.1,-4.6,0.0,28.0,-25.0,0.0,99.0,-99.0,0.0,0.71,0.02,-0.02,0.0,0.67,0.03,-0.03,0.0,-0.2,0.05,-0.05,0.0,[Fe/H],4.53,0.08,-0.08,0.0,39.0341,0.0401,-0.04
HD 23472 f,HD 23472,0,1.15643,,27.5458,638.0,4813.0,,1,5,0,12.1623316,4.41e-05,-4.41e-05,0.0,,,,,0.097689,-0.097689,0.0,0.10316995,0.00871524,-0.00871524,0.0,,,,,,,,,,,,,0.0,,,0.0,111.0,-111.0,0.0,0.69,0.04,-0.04,0.0,,,,,,,,,,4.38,0.21,-0.21,0.0,39.0341,0.0401,-0.04
HD 23472 f,HD 23472,1,1.137,0.77,26.3,630.0,4684.0,0.07,1,5,0,12.1621839,0.00012,-9.9e-05,0.0,0.0906,0.0014,-0.0014,0.0,0.084,-0.077,0.0,0.10143652,0.00749399,-0.00686949,0.0,0.44,-0.4,0.0,0.00242269,0.00138439,-0.00125854,0.0,0.048,-0.051,0.0,2.9,-2.6,0.0,27.0,-23.0,0.0,99.0,-99.0,0.0,0.71,0.02,-0.02,0.0,0.67,0.03,-0.03,0.0,-0.2,0.05,-0.05,0.0,[Fe/H],4.53,0.08,-0.08,0.0,39.0341,0.0401,-0.04
HD 260655 b,HD 260655,0,1.27326,,21.8758,602.0,3807.0,,1,2,0,2.7694936,3.6e-06,-3.6e-06,0.0,,,,,0.0588576,-0.0588576,0.0,0.11359284,0.00525093,-0.00525093,0.0,,,,,,,,,,,,,0.0,,,0.0,157.0,-157.0,0.0,0.47,0.01,-0.01,0.0,,,,,,,,,,4.77,0.01,-0.01,0.0,10.0055,0.00505,-0.00505
HD 260655 b,HD 260655,1,1.24,2.14,42.2,709.0,3803.0,0.039,1,2,0,2.76953,3e-05,-3e-05,0.0,0.02933,0.00024,-0.00024,0.0,0.023,-0.023,0.0,0.11062558,0.00205193,-0.00205193,0.0,0.34,-0.34,0.0,0.00673319,0.00106976,-0.00106976,0.0,0.043,-0.023,0.0,0.7,-0.7,0.0,4.0,-4.0,0.0,10.0,-10.0,0.0,0.439,0.003,-0.003,0.0,0.439,0.011,-0.011,0.0,-0.43,0.04,-0.04,0.0,[Fe/H],5.2,0.07,-0.07,0.0,10.0055,0.00505,-0.00505
HD 260655 c,HD 260655,1,1.533,3.09,16.1,557.0,3803.0,0.038,1,2,0,5.70588,7e-05,-7e-05,0.0,0.04749,0.00039,-0.00039,0.0,0.051,-0.046,0.0,0.13676533,0.00454992,-0.00410385,0.0,0.48,-0.48,0.0,0.00972223,0.00151025,-0.00151025,0.0,0.036,-0.022,0.0,0.3,-0.3,0.0,3.0,-3.0,0.0,10.0,-10.0,0.0,0.439,0.003,-0.003,0.0,0.439,0.011,-0.011,0.0,-0.43,0.04,-0.04,0.0,[Fe/H],5.2,0.07,-0.07,0.0,10.0055,0.00505,-0.00505
HD 260655 c,HD 260655,0,1.89602,,20.536,593.0,3807.0,,1,2,0,5.7060868,6.3e-06,-6.3e-06,0.0,,,,,0.173003,-0.173003,0.0,0.16915187,0.01543432,-0.01543432,0.0,,,,,,,,,,,,,0.0,,,0.0,157.0,-157.0,0.0,0.47,0.01,-0.01,0.0,,,,,,,,,,4.77,0.01,-0.01,0.0,10.0055,0.00505,-0.00505
K2-266 c,K2-266,1,0.705,0.29013072,32.4,664.5,4285.0,0.042,2,4,0,7.814,0.0019,-0.0016,0.0,0.0679,0.0011,-0.0011,0.0,0.096,-0.085,0.0,0.06289589,0.00856455,-0.00758319,0.0,0.17007663,-0.17007663,0.0,0.00091285,0.00053512,-0.00053512,0.0,0.043,-0.03,0.0,1.6,-1.5,0.0,8.0,-7.7,0.0,49.0,-57.0,0.0,0.703,0.024,-0.022,0.0,0.686,0.033,-0.033,0.0,-0.12,0.4,-0.42,0.0,[Fe/H],4.581,0.032,-0.037,0.0,77.5586,0.3581,-0.3549
K2-3 c,K2-3,0,1.9,,,,3927.0,,1,3,0,24.645013,,,0.0,,,,,,,0.0,0.16950665,,,0.0,,,,,,,,,,,,,,,,,,,0.0,0.58,,,0.0,,,,,,,,,,,,,,44.0727,0.10815,-0.10815
K2-3 c,K2-3,0,1.644,2.1,,,,0.04,1,3,0,24.6491,0.0033,-0.0033,0.0,0.1405,0.0067,-0.0067,0.0,0.16,-0.065,0.0,0.14666786,0.01427424,-0.00579891,0.0,2.1,-1.3,0.0,0.00660731,0.00660731,-0.00409024,0.0,0.04,-0.04,0.0,,,,,,,,,,0.553,0.041,-0.041,0.0,0.612,0.086,-0.086,0.0,,,,,,4.734,0.062,-0.062,0.0,44.0727,0.10815,-0.10815
K2-3 c,K2-3,0,1.85,,3.3,344.0,3896.0,,1,3,0,24.64354,0.00117,-0.00117,0.0,0.1399,0.007,-0.007,0.0,0.27,-0.27,0.0,0.16504595,0.02408779,-0.02408779,0.0,,,,,,,,,,,1.1,-1.1,0.0,29.0,-29.0,0.0,189.0,-189.0,0.0,0.56,0.07,-0.07,0.0,0.6,0.09,-0.09,0.0,-0.32,0.13,-0.13,0.0,[Fe/H],4.72,0.13,-0.13,0.0,44.0727,0.10815,-0.10815
K2-3 c,K2-3,0,1.69,3.3,3.51,381.0,3835.0,0.095,1,3,0,24.646582,3.9e-05,-3.9e-05,0.0,0.1414,0.0047,-0.0047,0.0,0.17,-0.17,0.0,0.15077196,0.01516641,-0.01516641,0.0,1.2,-1.2,0.0,0.01038296,0.00377562,-0.00377562,0.0,,,1.0,0.85,-0.73,0.0,21.0,-21.0,0.0,70.0,-70.0,0.0,0.6,0.06,-0.06,0.0,0.62,0.06,-0.06,0.0,-0.01,0.09,-0.09,0.0,[Fe/H],,,,,44.0727,0.10815,-0.10815
K2-3 c,K2-3,0,1.69,,,,,,1,3,0,24.64638,0.00018,-0.00018,0.0,,,,,0.21,-0.21,0.0,0.1507717,0.01873495,-0.01873495,0.0,,,,,,,,,,,,,,,,,,,,0.561,0.068,-0.068,0.0,,,,,,,,,,,,,,44.0727,0.10815,-0.10815
K2-3 c,K2-3,0,1.72,,3.32,,3896.0,,1,3,0,24.6454,0.0013,-0.0013,0.0,0.1399,0.0066,-0.0073,0.0,0.23,-0.22,0.0,0.15,0.02,-0.02,0.0,,,,,,,,,,,1.25,-0.95,0.0,,,,189.0,-189.0,0.0,0.561,0.068,-0.068,0.0,0.601,0.089,-0.089,0.0,-0.32,0.13,-0.13,0.0,[Fe/H],,,,,44.0727,0.10815,-0.10815
K2-3 c,K2-3,0,1.56,,,374.0,3951.0,,1,3,0,24.64745,0.00152,-0.00152,0.0,0.1345,0.0016,-0.0016,0.0,0.1,-0.1,0.0,0.13917388,0.0089214,-0.0089214,0.0,,,,,,,,,,,,,,7.0,-7.0,0.0,33.0,-38.0,0.0,0.52,0.02,-0.02,0.0,0.53,0.02,-0.02,0.0,-0.3,0.07,-0.06,0.0,[Fe/H],,,,,44.0727,0.10815,-0.10815
K2-3 c,K2-3,0,1.72,4.2,,,3896.0,0.0,1,3,0,24.6454,0.0013,-0.0013,0.0,,,,,0.23,-0.22,0.0,0.15344812,0.02051923,-0.01962709,0.0,,,1.0,0.01321461,,,1.0,,,0.0,,,,,,,189.0,-189.0,0.0,0.561,0.068,-0.068,0.0,0.601,0.089,-0.089,0.0,-0.32,0.13,-0.13,0.0,[Fe/H],4.72,0.13,-0.13,0.0,44.0727,0.10815,-0.10815
K2-3 c,K2-3,0,1.72,2.14,3.0,344.0,3896.0,,1,3,0,24.646582,3.9e-05,-3.9e-05,0.0,,,,,0.23,-0.22,0.0,0.15344839,0.02051926,-0.01962712,0.0,1.08,-1.04,0.0,0.00673319,0.00339806,-0.00327221,0.0,,,,1.0,-1.0,0.0,29.0,-29.0,0.0,189.0,-189.0,0.0,0.561,0.068,-0.068,0.0,0.601,0.089,-0.089,0.0,-0.32,0.13,-0.13,0.0,[Fe/H],4.734,0.062,-0.062,0.0,44.0727,0.10815,-0.10815
K2-3 c,K2-3,0,1.18,,,,,,1,3,0,24.64671,0.00054,-0.00053,0.0,,,,,0.21,-0.18,0.0,0.105,0.019,-0.016,0.0,,,,,,,,,,,,,,,,,,,,0.371,0.057,-0.043,0.0,,,,,,,,,,,,,,44.0727,0.10815,-0.10815
K2-3 c,K2-3,0,1.77,3.1,,,3835.0,,1,3,0,24.64638,0.00017,-0.00017,0.0,0.1413,0.0044,-0.0047,0.0,0.18,-0.18,0.0,0.15790882,0.01605852,-0.01605852,0.0,1.3,-1.2,0.0,0.00975364,0.00409024,-0.0037756,0.0,,,,,,,,,,70.0,-70.0,0.0,0.6,0.06,-0.06,0.0,0.62,0.06,-0.06,0.0,-0.01,0.09,-0.09,0.0,[Fe/H],4.66,0.05,-0.05,0.0,44.0727,0.10815,-0.10815
K2-3 c,K2-3,0,,2.14,,,3896.0,0.0,1,3,0,24.646582,4.1e-05,-4e-05,0.0,,,,,,,,,,,,1.08,-1.04,0.0,0.00673316,0.00339804,-0.00327219,0.0,,,0.0,,,,,,,189.0,-189.0,0.0,0.561,0.068,-0.068,0.0,0.601,0.089,-0.089,0.0,-0.32,0.13,-0.13,0.0,[Fe/H],4.734,0.062,-0.062,0.0,44.0727,0.10815,-0.10815
K2-3 c,K2-3,1,1.582,2.68,3.17,371.8,3844.0,0.048,1,3,0,24.646729,4.4e-05,-4.2e-05,0.0,0.1357,0.0023,-0.0022,0.0,0.057,-0.051,0.0,0.14113683,0.00508521,-0.00454992,0.0,0.85,-0.85,0.0,0.00843222,0.0026744,-0.0026744,0.0,0.073,-0.035,0.0,0.3,-0.3,0.0,3.8,-3.9,0.0,61.0,-63.0,0.0,0.546,0.018,-0.016,0.0,0.549,0.029,-0.027,0.0,-0.157,0.075,-0.08,0.0,[Fe/H],4.704,0.023,-0.026,0.0,44.0727,0.10815,-0.10815
K2-3 c,K2-3,0,1.18,,1.77,,3841.0,,1,3,0,24.6435,0.0012,-0.0012,0.0,0.1235,0.0058,-0.0058,0.0,0.17,-0.17,0.0,0.10527255,0.01516638,-0.01516638,0.0,,,,,,,,,,,0.53,-0.53,0.0,,,,82.0,-82.0,0.0,0.371,0.05,-0.05,0.0,0.414,0.058,-0.058,0.0,,,,,,4.906,0.06,-0.06,0.0,44.0727,0.10815,-0.10815
Kepler-138 c,Kepler-138,0,1.61,3.83,,,3871.0,0.05,1,4,0,13.78164,0.00019,-0.00014,0.0,,,,,0.16,-0.15,0.0,0.144,0.014,-0.013,0.0,1.51,-1.26,0.0,0.012,0.005,-0.004,0.0,0.049,-0.025,0.0,,,,,,,58.0,-58.0,0.0,0.54,0.05,-0.05,0.0,0.57,0.05,-0.05,0.0,,,,,,4.73,0.09,-0.09,0.0,66.8624,0.107,-0.107
Kepler-138 c,Kepler-138,0,1.42,,6.17,402.0,3846.0,0.0,1,4,0,13.78109471,1.027e-05,-1.027e-05,0.0,0.0896,,,0.0,0.09,-0.13,0.0,0.12668413,0.00802928,-0.01159784,0.0,,,,,,,,,,0.0,1.39,-1.55,0.0,,,0.0,77.0,-84.0,0.0,0.503,0.032,-0.048,0.0,0.505,0.036,-0.04,0.0,-0.24,0.15,-0.15,0.0,[Fe/H],4.738,0.052,-0.024,0.0,66.8624,0.107,-0.107
Kepler-138 c,Kepler-138,0,1.58,,,398.0,3841.0,,1,4,0,13.78104973,0.00016,-0.00016,0.0,0.0906,0.00324,-0.00324,0.0,0.18,-0.18,0.0,0.14095816,0.01605852,-0.01605852,0.0,,,,,,,,,,,,,,,,0.0,50.0,-51.0,0.0,0.5,0.06,-0.06,0.0,0.52,0.06,-0.06,0.0,-0.18,0.1,-0.1,0.0,[M/H],,,,,66.8624,0.107,-0.107
Kepler-138 c,Kepler-138,0,1.67,5.2,,,,0.011,1,4,0,13.781564,8.2e-05,-9.5e-05,0.0,0.0922,0.004,-0.004,0.0,0.15,-0.15,0.0,0.14898742,0.0133821,-0.0133821,0.0,1.2,-1.2,0.0,0.01636095,0.0037756,-0.0037756,0.0,0.0069,-0.0036,0.0,,,,,,,,,,0.582,0.045,-0.045,0.0,0.551,0.068,-0.068,0.0,,,,,,4.647,0.059,-0.059,0.0,66.8624,0.107,-0.107
Kepler-138 c,Kepler-138,0,1.33,,5.95,398.0,3841.0,0.0,1,4,0,13.78109344,1.05e-05,-1.05e-05,0.0,0.0905,,,0.0,0.16,-0.16,0.0,0.11865486,0.01427427,-0.01427427,0.0,,,,,,,,,,0.0,1.9,-1.59,0.0,,,0.0,50.0,-51.0,0.0,0.5,0.06,-0.06,0.0,0.52,0.06,-0.06,0.0,-0.18,0.1,-0.1,0.0,[Fe/H],4.756,0.072,-0.072,0.0,66.8624,0.107,-0.107
Kepler-138 c,Kepler-138,0,1.519,,7.053,,3847.0,,1,4,0,,,,,,,,,0.136,-0.059,0.0,0.1355161,0.01213311,-0.00526363,0.0,,,,,,,,,,,0.712,-0.654,0.0,,,,77.0,-77.0,0.0,0.537,0.015,-0.015,0.0,,,,,,,,,,,,,,66.8624,0.107,-0.107
Kepler-138 c,Kepler-138,0,,,,,3880.0,,1,4,0,13.7810915,8.9e-07,-8.9e-07,0.0,,,,,,,,,,,,,,,,,,,,,,,,,,,,157.0,-157.0,0.0,0.543991,0.015845,-0.015845,0.0,0.539818,0.020081,-0.020081,0.0,,,,,,4.69913,0.009144,-0.009144,0.0,66.8624,0.107,-0.107
Kepler-138 c,Kepler-138,1,1.51,2.3,6.8,410.0,3841.0,0.017,1,4,0,13.7815,7e-05,-9e-05,0.0,0.0913,0.0007,-0.0007,0.0,0.04,-0.04,0.0,0.13471341,0.00356857,-0.00356857,0.0,0.6,-0.5,0.0,0.00723661,0.00188781,-0.00157318,0.0,0.008,-0.007,0.0,0.5,-0.5,0.0,8.0,-8.0,0.0,50.0,-51.0,0.0,0.535,0.013,-0.014,0.0,0.535,0.012,-0.012,0.0,-0.18,0.1,-0.1,0.0,[Fe/H],4.71,0.03,-0.03,0.0,66.8624,0.107,-0.107
Kepler-138 c,Kepler-138,0,1.751,,6.677,,3871.0,,1,4,0,,,,,,,,,0.101,-0.101,0.0,0.15621376,0.00901062,-0.00901062,0.0,,,,,,,,,,,0.929,-0.929,0.0,,,,58.0,-58.0,0.0,0.553,0.034,-0.034,0.0,0.593,0.065,-0.065,0.0,,,,,,,,,,66.8624,0.107,-0.107
Kepler-138 c,Kepler-138,0,1.197,1.97,4.63,,3841.0,,1,4,0,13.7813,0.0001,-0.0001,0.0,,,,,0.07,-0.07,0.0,0.10678919,0.00624498,-0.00624498,0.0,1.912,-1.12,0.0,0.00619828,0.00601579,-0.0035239,0.0,,,,0.57,-0.57,0.0,,,,49.0,-49.0,0.0,0.442,0.024,-0.024,0.0,0.521,0.055,-0.055,0.0,-0.28,0.099,-0.099,0.0,[Fe/H],4.886,0.055,-0.055,0.0,66.8624,0.107,-0.107
Kepler-138 c,Kepler-138,0,1.33,,5.95,398.0,3841.0,0.0,1,4,0,13.78109344,1.05e-05,-1.05e-05,0.0,0.0905,,,0.0,0.16,-0.16,0.0,0.11865486,0.01427427,-0.01427427,0.0,,,,,,,,,,0.0,1.9,-1.59,0.0,,,0.0,50.0,-51.0,0.0,0.5,0.06,-0.06,0.0,0.52,0.06,-0.06,0.0,-0.18,0.1,-0.1,0.0,[Fe/H],4.756,0.072,-0.072,0.0,66.8624,0.107,-0.107
Kepler-138 c,Kepler-138,0,1.17,,,,3726.0,0.01,1,4,0,13.78110882,7.5e-06,-7.45e-06,0.0,,,,,0.07,-0.07,0.0,0.10438041,0.00624498,-0.00624498,0.0,,,,,,,,0.18,-0.01,0.0,,,,,,,44.0,-40.0,0.0,0.454,0.025,-0.023,0.0,0.468,0.03,-0.028,0.0,-0.16,,,0.0,[Fe/H],,,,,66.8624,0.107,-0.107
Kepler-138 c,Kepler-138,0,1.4,,,,3809.0,,1,4,0,13.78109344,1.05e-05,-1.05e-05,0.0,,,,,0.06,-0.06,0.0,0.12489963,0.00535284,-0.00535284,0.0,,,,,,,,,,,,,,,,,40.86,-37.84,0.0,0.53,0.022,-0.021,0.0,0.56,0.023,-0.024,0.0,0.04,0.104,-0.111,0.0,[Fe/H],4.73,0.019,-0.02,0.0,66.8624,0.107,-0.107
Kepler-138 c,Kepler-138,0,1.75,1.6,,,,,1,4,0,13.781,,,0.0,,,,,0.1,-0.1,0.0,0.156,0.009,-0.009,0.0,2.4,-0.8,0.0,0.005,0.008,-0.003,0.0,,,,,,,,,,,,,0.553,,,0.0,0.593,,,0.0,,,,,,,,,,66.8624,0.107,-0.107
Kepler-138 c,Kepler-138,0,1.5,,,,,,1,4,0,13.78,,,0.0,,,,,0.05,-0.05,0.0,0.13382127,0.00446071,-0.00446071,0.0,,,,,,,,,,,,,,,,,,,,,,,,,,,,,,,,,,,,,66.8624,0.107,-0.107
Kepler-138 c,Kepler-138,0,1.94,,,446.0,3900.0,0.0,1,4,0,13.781052,2.5e-05,-2.5e-05,0.0,0.091,,,0.0,,,0.0,0.17307551,,,0.0,,,,,,,,,,0.0,,,0.0,,,0.0,,,0.0,0.612,,,0.0,0.526,,,0.0,,,,0.0,,4.585,,,0.0,66.8624,0.107,-0.107
Kepler-138 c,Kepler-138,0,1.33,,5.95,398.0,3841.0,0.0,1,4,0,13.78109344,1.05e-05,-1.05e-05,0.0,0.0905,,,0.0,0.16,-0.16,0.0,0.11865486,0.01427427,-0.01427427,0.0,,,,,,,,,,0.0,1.9,-1.59,0.0,,,0.0,50.0,-51.0,0.0,0.5,0.06,-0.06,0.0,0.52,0.06,-0.06,0.0,-0.18,0.1,-0.1,0.0,[Fe/H],4.756,0.072,-0.072,0.0,66.8624,0.107,-0.107
Kepler-138 c,Kepler-138,0,,,,,3880.0,,1,4,0,13.78110068,6.0296e-06,-6.0296e-06,0.0,,,,,,,,,,,,,,,,,,,,,,,,,,,,157.0,-157.0,0.0,0.543991,0.015845,-0.015845,0.0,0.539818,0.020081,-0.020081,0.0,,,,,,4.69913,0.009144,-0.009144,0.0,66.8624,0.107,-0.107
Kepler-138 c,Kepler-138,0,,,,,3880.0,,1,4,0,13.78109471,1.027e-05,-1.027e-05,0.0,,,,0.0,,,0.0,,,,,,,,,,,,,,0.0,,,0.0,,,0.0,157.0,-157.0,0.0,0.543991,0.015845,-0.015845,0.0,0.539818,0.020081,-0.020081,0.0,,,,,,4.69913,0.009144,-0.009144,0.0,66.8624,0.107,-0.107
Kepler-138 d,Kepler-138,0,1.52,,2.99,335.0,3841.0,0.0,1,4,0,23.08901839,2.709e-05,-2.709e-05,0.0,0.1277,,,0.0,0.18,-0.18,0.0,0.13560555,0.01605855,-0.01605855,0.0,,,,,,,,,,0.0,0.96,-0.8,0.0,,,0.0,50.0,-51.0,0.0,0.5,0.06,-0.06,0.0,0.52,0.06,-0.06,0.0,-0.18,0.1,-0.1,0.0,[Fe/H],4.756,0.072,-0.072,0.0,66.8624,0.107,-0.107
Kepler-138 d,Kepler-138,0,1.68,1.17,,,,0.027,1,4,0,23.09302,0.00069,-0.00092,0.0,0.1301,0.0056,-0.0056,0.0,0.15,-0.15,0.0,0.14987956,0.0133821,-0.0133821,0.0,0.3,-0.3,0.0,0.00368121,0.0009439,-0.0009439,0.0,0.005,-0.005,0.0,,,,,,,,,,0.582,0.045,-0.045,0.0,0.551,0.068,-0.068,0.0,,,,,,4.647,0.059,-0.059,0.0,66.8624,0.107,-0.107
Kepler-138 d,Kepler-138,0,1.24,,3.1,338.0,3846.0,0.0,1,4,0,23.08902241,2.414e-05,-2.414e-05,0.0,0.1264,,,0.0,0.08,-0.12,0.0,0.11062558,0.00713713,-0.0107057,0.0,,,,,,,,,,0.0,0.7,-0.78,0.0,,,0.0,77.0,-84.0,0.0,0.503,0.032,-0.048,0.0,0.505,0.036,-0.04,0.0,-0.24,0.15,-0.15,0.0,[Fe/H],4.738,0.052,-0.024,0.0,66.8624,0.107,-0.107
Kepler-138 d,Kepler-138,0,1.212,0.64,2.32,,3841.0,,1,4,0,23.0881,0.0009,-0.0008,0.0,,,,,0.075,-0.075,0.0,0.1081274,0.00669105,-0.00669105,0.0,0.674,-0.387,0.0,0.00201366,0.00212063,-0.00121763,0.0,,,,0.29,-0.29,0.0,,,,49.0,-49.0,0.0,0.442,0.024,-0.024,0.0,0.521,0.055,-0.055,0.0,-0.28,0.099,-0.099,0.0,[Fe/H],4.886,0.055,-0.055,0.0,66.8624,0.107,-0.107
Kepler-138 d,Kepler-138,0,,,,,3880.0,,1,4,0,23.08898875,3.16e-06,-3.16e-06,0.0,,,,,,,,,,,,,,,,,,,,,,,,,,,,157.0,-157.0,0.0,0.543991,0.015845,-0.015845,0.0,0.539818,0.020081,-0.020081,0.0,,,,,,4.69913,0.009144,-0.009144,0.0,66.8624,0.107,-0.107
Kepler-138 d,Kepler-138,0,1.52,,2.99,335.0,3841.0,0.0,1,4,0,23.08901839,2.709e-05,-2.709e-05,0.0,0.1277,,,0.0,0.18,-0.18,0.0,0.13560555,0.01605855,-0.01605855,0.0,,,,,,,,,,0.0,0.96,-0.8,0.0,,,0.0,50.0,-51.0,0.0,0.5,0.06,-0.06,0.0,0.52,0.06,-0.06,0.0,-0.18,0.1,-0.1,0.0,[Fe/H],4.756,0.072,-0.072,0.0,66.8624,0.107,-0.107
Kepler-138 d,Kepler-138,0,1.323,,3.544,,3847.0,,1,4,0,,,,,,,,,0.041,-0.045,0.0,0.11803015,0.00365778,-0.00401463,0.0,,,,,,,,,,,0.358,-0.329,0.0,,,,77.0,-77.0,0.0,0.537,0.015,-0.015,0.0,,,,,,,,,,,,,,66.8624,0.107,-0.107
Kepler-138 d,Kepler-138,0,,,,,3880.0,,1,4,0,23.08902241,2.414e-05,-2.414e-05,0.0,,,,0.0,,,0.0,,,,,,,,,,,,,,0.0,,,0.0,,,0.0,157.0,-157.0,0.0,0.543991,0.015845,-0.015845,0.0,0.539818,0.020081,-0.020081,0.0,,,,,,4.69913,0.009144,-0.009144,0.0,66.8624,0.107,-0.107
Kepler-138 d,Kepler-138,0,1.63,,,,3809.0,,1,4,0,23.08901839,2.709e-05,-2.709e-05,0.0,,,,,0.06,-0.26,0.0,0.14541886,0.00535284,-0.02319565,0.0,,,,,,,,,,,,,,,,,40.86,-37.84,0.0,0.53,0.022,-0.021,0.0,0.56,0.023,-0.024,0.0,0.04,0.104,-0.111,0.0,[Fe/H],4.73,0.019,-0.02,0.0,66.8624,0.107,-0.107
Kepler-138 d,Kepler-138,0,1.2,,,,3726.0,0.01,1,4,0,23.0889203,2.32e-05,-2.47e-05,0.0,,,,,0.11,-0.1,0.0,0.10705683,0.00981354,-0.0089214,0.0,,,,,,,,0.14,-0.01,0.0,,,,,,,44.0,-40.0,0.0,0.454,0.025,-0.023,0.0,0.468,0.03,-0.028,0.0,-0.16,,,0.0,[Fe/H],,,,,66.8624,0.107,-0.107
Kepler-138 d,Kepler-138,0,2.06,,,376.0,3900.0,0.0,1,4,0,23.089447,6.4e-05,-6.4e-05,0.0,0.128,,,0.0,,,0.0,0.18378121,,,0.0,,,,,,,,,,0.0,,,0.0,,,0.0,,,0.0,0.612,,,0.0,0.526,,,0.0,,,,0.0,,4.585,,,0.0,66.8624,0.107,-0.107
Kepler-138 d,Kepler-138,0,1.859,,3.355,,3871.0,,1,4,0,,,,,,,,,0.092,-0.092,0.0,0.16584887,0.00820769,-0.00820769,0.0,,,,,,,,,,,0.467,-0.467,0.0,,,,58.0,-58.0,0.0,0.553,0.034,-0.034,0.0,0.593,0.065,-0.065,0.0,,,,,,,,,,66.8624,0.107,-0.107
Kepler-138 d,Kepler-138,0,1.61,1.01,,,3871.0,0.024,1,4,0,23.08933,0.00071,-0.00071,0.0,,,,,0.16,-0.15,0.0,0.144,0.014,-0.013,0.0,0.42,-0.34,0.0,0.003,0.001,-0.001,0.0,0.03,-0.016,0.0,,,,,,,58.0,-58.0,0.0,0.54,0.05,-0.05,0.0,0.57,0.05,-0.05,0.0,,,,,,4.73,0.09,-0.09,0.0,66.8624,0.107,-0.107
Kepler-138 d,Kepler-138,1,1.51,2.1,3.4,345.0,3841.0,0.01,1,4,0,23.0923,0.0006,-0.0006,0.0,0.1288,0.001,-0.001,0.0,0.04,-0.04,0.0,0.13471341,0.00356857,-0.00356857,0.0,0.6,-0.7,0.0,0.00660734,0.00188781,-0.00220245,0.0,0.005,-0.005,0.0,0.2,-0.2,0.0,7.0,-7.0,0.0,50.0,-51.0,0.0,0.535,0.013,-0.014,0.0,0.535,0.012,-0.012,0.0,-0.18,0.1,-0.1,0.0,[Fe/H],4.71,0.03,-0.03,0.0,66.8624,0.107,-0.107
Kepler-138 d,Kepler-138,0,1.33,,,,,,1,4,0,23.09,,,0.0,,,,,0.05,-0.05,0.0,0.11865486,0.00446071,-0.00446071,0.0,,,,,,,,,,,,,,,,,,,,,,,,,,,,,,,,,,,,,66.8624,0.107,-0.107
Kepler-138 d,Kepler-138,0,1.26,,,335.0,3841.0,,1,4,0,23.0904007,0.00034,-0.00034,0.0,0.12781,0.00456,-0.00456,0.0,2.13,-2.13,0.0,0.11240967,0.19002587,-0.19002587,0.0,,,,,,,,,,,,,,,,0.0,50.0,-51.0,0.0,0.5,0.06,-0.06,0.0,0.52,0.06,-0.06,0.0,-0.18,0.1,-0.1,0.0,[M/H],,,,,66.8624,0.107,-0.107
Kepler-138 d,Kepler-138,0,1.52,,2.99,335.0,3841.0,0.0,1,4,0,23.08901839,2.709e-05,-2.709e-05,0.0,0.1277,,,0.0,0.18,-0.18,0.0,0.13560555,0.01605855,-0.01605855,0.0,,,,,,,,,,0.0,0.96,-0.8,0.0,,,0.0,50.0,-51.0,0.0,0.5,0.06,-0.06,0.0,0.52,0.06,-0.06,0.0,-0.18,0.1,-0.1,0.0,[Fe/H],4.756,0.072,-0.072,0.0,66.8624,0.107,-0.107
TOI-1266 c,TOI-1266,0,1.56,2.2,2.3,344.0,3600.0,0.04,1,3,0,18.80151,0.00067,-0.00069,0.0,0.1058,0.0023,-0.0024,0.0,0.15,-0.13,0.0,0.13917388,0.0133821,-0.01159782,0.0,2.0,-1.5,0.0,0.00692194,0.00629267,-0.0047195,0.0,0.03,-0.03,0.0,0.5,-0.4,0.0,16.0,-16.0,0.0,150.0,-150.0,0.0,0.42,0.02,-0.02,0.0,0.45,0.03,-0.03,0.0,-0.5,0.5,-0.5,0.0,[Fe/H],4.85,0.05,-0.05,0.0,36.0118,0.0295,-0.0295
TOI-1266 c,TOI-1266,0,1.91122823,,2.6637,325.83,3618.0,,1,3,0,18.80161111,5.32023e-05,-5.32023e-05,0.0,,,,,0.31726363,-0.31726363,0.0,0.17050866,0.02830441,-0.02830441,0.0,,,,,,,,,,,,,0.0,,,0.0,157.0,-157.0,0.0,0.435666,0.012939,-0.012939,0.0,,,,,,,,,,4.79432,0.005376,-0.005376,0.0,36.0118,0.0295,-0.0295
TOI-1266 c,TOI-1266,0,,,,,3600.0,,1,3,0,18.80171,0.00012,-0.00012,0.0,,,,,,,,,,,,,,,,,,,,,,,,,,,,150.0,-150.0,0.0,0.42,0.02,-0.02,0.0,0.45,0.03,-0.03,0.0,-0.5,0.5,-0.5,0.0,[Fe/H],4.85,0.05,-0.05,0.0,36.0118,0.0295,-0.0295
TOI-1266 c,TOI-1266,1,1.98,3.17,,346.0,3563.0,0.071,1,3,0,18.8027,0.00126,-0.00116,0.0,0.105,0.0017,-0.0017,0.0,0.1,-0.1,0.0,0.17664407,0.00892142,-0.00892142,0.0,0.76,-0.76,0.0,0.00997394,0.00239123,-0.00239123,0.0,,,1.0,,,,6.0,-6.0,0.0,77.0,-77.0,0.0,0.4232,0.0077,-0.0079,0.0,0.437,0.021,-0.021,0.0,-0.109,0.092,-0.092,0.0,[Fe/H],4.826,0.02,-0.021,0.0,36.0118,0.0295,-0.0295
TOI-1266 c,TOI-1266,0,2.13,2.88,2.7,354.0,3618.0,0.34,1,3,0,18.801611,5.3e-05,-5.3e-05,0.0,0.1047,0.0016,-0.0016,0.0,0.12,-0.12,0.0,0.1900262,0.0107057,-0.0107057,0.0,0.8,-0.8,0.0,0.00906149,0.00251708,-0.00251708,0.0,,,1.0,0.5,-0.4,0.0,16.0,-16.0,0.0,157.0,-157.0,0.0,0.436,0.013,-0.013,0.0,0.431,0.02,-0.02,0.0,-0.195,0.115,-0.115,0.0,[Fe/H],4.793,0.032,-0.033,0.0,36.0118,0.0295,-0.0295
TOI-1266 c,TOI-1266,0,1.673,6.4,2.42,347.1,3573.0,0.0,1,3,0,18.80152,0.00054,-0.00067,0.0,0.1037,0.0026,-0.0025,0.0,0.087,-0.11,0.0,0.14925532,0.00776163,-0.00981356,0.0,,,1.0,0.02013665,,,1.0,,,0.0,0.23,-0.22,0.0,7.9,-8.0,0.0,35.0,-38.0,0.0,0.4232,0.0077,-0.0079,0.0,0.437,0.021,-0.021,0.0,-0.08,0.13,-0.1,0.0,[Fe/H],4.826,0.02,-0.021,0.0,36.0118,0.0295,-0.0295
TOI-500 b,TOI-500,1,1.166,1.42,1138.0,1617.0,4440.0,0.063,1,4,0,0.548177,1.9e-05,-1.9e-05,0.0,0.01189,0.00041,-0.0004,0.0,0.061,-0.058,0.0,0.10402373,0.00544206,-0.00517442,0.0,0.18,-0.18,0.0,0.00446782,0.00056634,-0.00056634,0.0,0.073,-0.044,0.0,123.0,-112.0,0.0,41.0,-41.0,0.0,100.0,-100.0,0.0,0.678,0.016,-0.016,0.0,0.74,0.017,-0.017,0.0,0.12,0.08,-0.08,0.0,[Fe/H],4.618,0.017,-0.017,0.0,47.3924,0.0473,-0.0473
TOI-500 b,TOI-500,0,1.35917743,,1463.1156,1577.39,4590.0,,1,4,0,0.548157295,8.92382e-06,-8.92382e-06,0.0,,,,,0.39238426,-0.39238426,0.0,0.1212579,0.03500624,-0.03500624,0.0,,,,,,,,,,,,,0.0,,,0.0,176.0,-176.0,0.0,0.751825,0.063158,-0.063158,0.0,,,,,,,,,,4.50961,0.324858,-0.324858,0.0,47.3924,0.0473,-0.0473
TOI-500 b,TOI-500,0,1.16,,,1693.0,4621.0,,1,4,0,0.5481579,6e-07,-6e-07,0.0,0.0128,0.0011,-0.0011,0.0,0.12,-0.12,0.0,0.10348845,0.0107057,-0.0107057,0.0,,,,,,,,,,,,,,105.0,-105.0,0.0,50.0,-50.0,0.0,0.75,0.06,-0.06,0.0,0.88,0.25,-0.25,0.0,,,,,,4.63,0.1,-0.1,0.0,47.3924,0.0473,-0.0473
